prior_visit_bin,n_patients,readmit_rate,readmit_rate_pct
0 (first visit),80,0.15,15.0
1-2,42,0.19047619047619047,19.0
3-5,5,0.0,0.0
6+,13,0.38461538461538464,38.5
